,nombre,direccion,coordenadas,latitud,longitud
22,museo de los ferrocarrileros,"Museo de los Ferrocarrileros, Calle Alberto Herrera, Colonia Aragón, Gustavo A. Madero, Ciudad de México, 07000, México","(19.4818788, -99.11699884543182)",19.4818788,-99.11699884543182
68,museo casa de la memoria indómita,"Museo Casa de la Memoria Indómita, Calle Regina, Centro, Cuauhtémoc, Ciudad de México, 06080, México","(19.4277059, -99.1347999)",19.4277059,-99.1347999
11,museo nacional de la acuarela alfredo guati rojo,"Museo Nacional de la Acuarela Alfredo Guati Rojo, 88, Calle Salvador Novo, Colonia Oxtopulco Universidad, Coyoacán, Ciudad de México, 04010, México","(19.34863205, -99.17709828252137)",19.34863205,-99.17709828252137
51,museo de sitio de cuicuilco,"Museo de Sitio Cuicuilco, Rampa Poniente, Colonia Zona Arqueológica de Cuicuilco, Tlalpan, Ciudad de México, 14060, México","(19.3007609, -99.18175237930757)",19.3007609,-99.18175237930757
92,museo de arte popular,"Museo de Arte Popular, 11, Calle Revillagigedo, Centro, Cuauhtémoc, Ciudad de México, 06050, México","(19.433897299999998, -99.14627519627709)",19.433897299999998,-99.14627519627709
12,museo frida kahlo,"Museo ""Frida Kahlo"", 247, Calle Ignacio Allende, Colonia Del Carmen, Coyoacán, Ciudad de México, 04100, México","(19.3551412, -99.16235636621758)",19.3551412,-99.16235636621758
57,museo del metro,"Museo Los Caños del Peral. Estación de Metro Ópera, 1, Plaza de Isabel II, Barrio de la Latina, Palacio, Centro, Madrid, Comunidad de Madrid, 28013, España","(40.4181638, -3.7092898)",40.4181638,-3.7092898
17,museo nacional de culturas populares,"Museo Nacional de Culturas Populares, Avenida Miguel Hidalgo, Colonia Del Carmen, Coyoacán, Ciudad de México, 04000, México","(19.349952350000002, -99.16102786929619)",19.349952350000002,-99.16102786929619
